{
  "mode": "similarity",
  "N": 8287,
  "known_edges": 2266,
  "topk": 500,
  "batch_edges": 262144,
  "device": "cpu",
  "ts": "2025-10-19T02:35:08.370931Z",
  "candidates": 1158149,
  "score_stats": {
    "min": 0.9809060096740723,
    "p25": 0.9840741753578186,
    "median": 0.986539363861084,
    "p75": 0.9912304878234863,
    "max": 0.9995323419570923,
    "mean": 0.9877808690071106
  },
  "diagnostics_all": {
    "scored": 1158149,
    "frac_ge_0.50": 0.015614571182119053,
    "frac_ge_0.90": 0.002508312833668207,
    "frac_ge_0.99": 0.0001312439073038098
  }
}