{
  "mode": "all",
  "N": 8287,
  "known_edges": 2266,
  "candidates": "ALL-streamed",
  "topk": 500,
  "batch_edges": 262144,
  "device": "cpu",
  "score_stats": {
    "min": 0.9994238615036011,
    "p25": 0.9994519948959351,
    "median": 0.999480664730072,
    "p75": 0.9995294809341431,
    "max": 0.9997555613517761,
    "mean": 0.9994968175888062
  }
}