{"test_auc": 0.8634035554859426, "test_auprc": 0.7122822562781158}