{"test_auc": 0.8247513509280289, "test_auprc": 0.7921359924413014}